PassengerId,Transported
9089_01,0
2616_01,0
0025_01,0
1499_01,0
2120_01,1
5244_01,0
0452_01,0
4172_04,0
4351_01,0
2668_02,0
8728_01,0
0890_01,0
3096_01,0
7121_02,1
4470_01,0
1810_01,0
0551_01,0
4975_03,1
5582_01,0
8019_01,1
1976_07,1
8247_01,1
8571_01,0
5545_01,1
1049_01,1
8050_01,0
1076_01,1
0346_01,1
4974_02,1
6363_01,1
2180_01,0
4176_03,0
8596_01,1
2949_01,1
0133_01,1
7097_03,0
2773_01,0
3962_02,0
1834_01,1
6191_04,1
7233_01,1
7448_01,0
3221_01,1
5785_01,0
6859_01,1
2416_01,0
9029_01,0
6468_03,1
5090_02,0
0201_01,1
2162_02,1
5517_01,0
1335_01,1
6443_04,1
3422_02,1
1595_01,1
7199_01,0
1292_01,1
2807_02,1
7614_01,1
5496_01,1
5574_01,0
4393_01,1
7778_01,0
3521_01,1
5527_04,1
0301_01,1
8657_01,1
6787_03,1
0889_01,1
7346_01,0
6788_01,0
3894_01,1
8222_01,0
6327_01,1
2822_04,1
8956_02,0
1884_01,1
7631_01,0
6672_02,1
6996_01,0
7646_02,0
0642_03,1
8508_03,1
3543_01,1
9149_01,1
1447_01,0
6030_06,1
0990_01,0
4944_03,0
2693_04,1
5949_01,0
5686_02,0
4923_03,1
1274_01,0
0502_01,0
0849_02,1
6428_02,1
5397_02,1
5427_02,0
1261_01,0
1024_04,1
5863_01,1
1826_01,1
6928_01,0
7419_01,0
4033_01,1
3932_02,1
3055_01,0
5257_01,0
2042_01,0
4273_01,0
6708_05,1
5512_01,0
4182_03,0
7464_01,1
9157_05,0
2251_02,0
8021_01,1
6017_02,1
4655_01,1
3710_03,1
1387_01,0
7721_01,1
5209_01,1
4717_01,1
4764_01,0
6264_01,0
1997_01,1
3745_01,0
2310_03,0
2675_01,1
6599_01,1
4832_01,0
2373_01,0
6449_02,0
0512_02,1
0401_02,0
1452_01,0
6822_01,0
3304_01,1
8614_01,1
5269_01,1
1817_01,0
7314_01,1
6066_02,0
0073_01,1
6268_01,1
2399_01,0
6899_01,1
5695_01,1
7088_01,0
2055_01,0
8117_01,1
8064_02,1
3856_01,1
5721_02,0
0219_01,1
4933_03,0
0696_01,0
0770_06,0
0697_01,1
8018_01,0
7832_01,0
8106_01,0
4920_01,1
7790_01,1
4386_01,1
8465_01,0
4068_01,0
4876_01,0
9052_01,0
6480_01,0
5477_01,0
6967_01,0
5198_01,0
2557_01,1
5299_01,1
6861_01,1
2148_01,0
6834_01,1
7435_01,1
7780_01,0
5097_02,1
2086_02,0
8178_01,1
6730_01,1
8313_01,0
0108_01,1
6787_06,1
0504_03,1
5408_01,0
6503_01,0
1380_01,0
8035_01,1
5646_01,1
0898_01,0
0839_01,0
1656_01,0
6006_01,0
8404_02,1
0453_01,1
6179_01,1
6620_01,1
7936_01,0
4399_01,0
3691_01,0
6854_01,0
9274_01,1
6863_01,1
5142_04,1
6035_02,1
3995_05,0
8448_01,1
3483_01,0
2505_02,0
3383_01,0
5438_01,1
7914_03,0
5058_01,1
5586_01,0
5060_02,1
1397_01,0
0359_01,0
3980_01,1
7092_01,0
1375_01,0
8332_01,1
0581_01,0
3444_04,1
1152_01,1
7697_02,1
8366_04,0
4231_01,1
8845_01,0
1962_02,1
8092_02,1
1186_03,1
0811_02,1
6094_01,1
4318_01,1
7518_01,1
7981_01,0
3688_03,1
1511_02,1
6099_01,1
7120_01,0
6663_02,0
6170_01,0
1772_01,0
6191_01,1
7225_01,0
0436_02,0
5280_01,1
4034_01,0
3606_01,1
5254_04,1
2310_01,1
7104_01,0
2892_05,0
3195_04,1
3903_06,1
1888_01,0
7110_01,0
8932_01,0
6228_01,1
9237_01,1
3164_01,1
9006_01,1
7552_01,0
4961_01,0
1976_03,1
6567_01,1
2943_01,0
9278_01,1
6022_01,0
3206_01,0
5970_01,1
5190_01,0
8282_01,0
0686_02,0
5490_01,0
1328_01,1
3786_01,1
3515_02,1
6010_01,1
2820_01,1
3120_02,0
7290_05,0
3923_03,1
2740_01,0
4512_01,0
2730_02,0
8105_01,0
6866_02,0
1902_01,0
7485_01,0
3850_03,1
8330_01,0
7399_01,0
7068_01,0
4446_01,0
3917_01,0
2835_01,0
8989_02,1
6309_05,1
5060_04,0
5218_01,0
5755_01,1
8850_01,0
6896_01,0
2263_01,0
5115_01,1
6459_01,1
8430_01,0
8463_01,0
8880_01,1
8876_01,1
7894_01,1
0564_02,1
4661_01,1
6939_01,0
1325_02,0
6416_01,0
1100_03,0
0120_01,1
0782_01,1
1752_01,0
5580_01,1
7391_01,1
6199_02,1
5007_01,0
5751_01,0
6711_01,1
9160_01,0
6450_01,0
2799_02,1
5874_01,1
8771_01,0
7841_01,0
1214_01,1
1782_02,0
5992_01,1
4424_01,0
0714_07,1
3962_01,1
3569_01,1
5819_01,1
6106_01,1
6171_01,0
3024_01,1
9239_01,0
2738_01,0
8867_01,1
0253_01,0
3210_01,0
1352_01,0
2055_03,0
6246_01,0
3084_01,1
6642_01,1
2327_01,1
8941_02,1
1700_02,0
2666_01,1
5795_01,1
1572_01,0
8961_02,0
3363_02,0
5217_02,1
9074_06,1
3091_01,0
3622_01,1
3963_01,1
3857_01,1
6101_01,0
5535_02,1
0642_04,1
6971_02,1
2202_01,0
0547_01,1
5625_04,0
9081_08,1
6578_02,1
7072_01,0
6411_01,0
7777_01,1
8270_01,1
7739_01,0
5083_01,1
3622_02,0
2626_01,0
8377_01,0
8115_01,1
5733_02,0
6007_01,1
6988_01,0
6215_01,0
2839_01,1
8057_02,1
6400_02,0
3113_01,1
6552_01,0
2727_01,0
6413_01,1
3444_02,1
1383_01,1
0192_03,0
5509_01,1
0485_01,0
5671_01,1
0035_01,0
4006_03,0
1584_02,1
0938_03,1
6334_06,0
4732_02,1
7650_04,0
2168_02,0
0790_01,1
0376_01,0
3984_01,1
6149_01,0
6681_01,1
0320_01,0
4000_01,1
5379_01,0
1029_01,1
2183_01,0
5814_04,1
0580_01,0
6748_03,0
7705_01,0
4212_01,1
7430_01,0
3484_01,1
5000_01,1
7646_03,1
6778_01,0
3253_01,0
5643_02,0
4591_01,1
2799_01,0
4317_01,0
5304_01,0
3625_01,0
0811_01,0
8641_03,1
8158_01,0
0907_02,0
6753_01,1
5725_01,0
9069_04,1
9179_03,1
6514_01,0
7343_01,0
2284_01,0
0504_01,1
8088_01,0
5090_03,0
0152_01,0
1287_02,1
5714_04,1
1250_01,0
4339_01,0
2805_01,0
5756_01,0
8052_01,0
3492_01,0
2211_01,1
7606_01,1
7165_01,1
3309_01,0
2588_01,1
2547_02,0
6994_02,0
7261_01,1
7096_01,1
1980_01,1
6816_03,1
5084_02,0
6741_02,0
5416_02,0
6363_04,0
0540_02,0
0471_02,1
6668_02,0
7305_01,1
5673_01,1
3032_01,0
1881_01,0
0709_03,1
5885_03,1
1676_01,1
6143_01,0
0189_01,0
5707_01,1
6092_02,1
1608_01,0
3654_01,1
1882_01,1
5714_01,1
4176_01,1
8242_01,1
4130_01,1
8271_01,1
8328_01,0
2534_01,0
1112_01,1
1746_01,1
0964_02,1
6032_01,1
9275_01,1
7069_01,0
1452_02,1
1040_01,0
5616_01,1
1767_01,1
6372_03,1
5887_02,0
7820_01,1
0849_01,1
2891_01,1
0647_02,1
0533_01,0
5529_01,0
3269_01,1
3862_06,0
0030_01,0
1148_02,0
6639_01,1
9132_01,0
3394_01,0
1371_01,0
1561_01,0
4427_01,0
8646_01,1
6522_01,1
8749_01,0
4476_01,0
4964_01,0
4334_01,1
4873_01,0
5706_02,1
6970_01,0
7727_01,0
2171_02,0
7829_01,1
5057_01,1
6594_01,1
2531_01,1
7157_02,0
0173_01,1
6593_01,1
2768_03,1
0997_01,0
0408_01,0
7242_01,1
6724_01,1
0378_03,0
5084_01,1
4172_07,1
2979_01,1
6340_01,1
5425_01,0
8997_01,1
6229_01,1
5291_01,0
8830_02,1
6796_01,0
6565_02,0
8144_02,0
0925_02,1
6794_01,1
3755_01,1
6585_01,1
1427_01,1
7531_01,1
0086_01,0
0546_01,0
7252_01,0
2822_01,1
4128_01,0
6873_01,0
1941_01,0
2668_01,0
1911_01,0
3950_01,1
3679_01,1
8334_01,1
5157_01,0
1215_01,1
3911_03,1
1816_01,0
2530_01,0
8656_01,0
6408_01,0
5539_01,0
1588_01,1
1700_01,1
8722_01,1
4222_02,0
4137_01,0
4177_01,1
4456_01,0
6825_01,1
8477_01,0
4569_01,1
5890_01,1
1186_01,0
8102_01,0
2187_01,0
3270_01,0
5331_01,0
8559_03,1
8118_01,1
6523_01,1
6784_01,0
0031_02,1
2863_01,0
6971_04,1
7588_01,1
6645_01,1
4044_03,1
8823_01,1
5628_01,1
7891_02,0
1065_01,1
6761_02,0
0378_07,1
6684_03,0
7873_02,0
7847_01,0
2758_01,0
7643_01,0
9077_01,1
2762_01,0
3927_01,0
8790_01,1
6444_01,0
4432_01,0
0503_01,1
3475_03,1
3543_02,1
8273_01,0
6871_01,1
0946_01,0
0044_02,1
7895_01,0
5443_01,0
5879_01,1
5647_01,1
3426_01,0
9072_03,0
2942_01,0
4179_02,1
6943_01,1
3558_02,1
1444_01,1
6734_03,1
6039_02,0
6017_01,1
0039_01,1
1311_03,0
8416_01,1
6917_01,0
3816_01,0
1699_01,0
5166_01,0
5320_02,0
3693_01,1
2572_02,1
6121_02,0
6634_02,1
9165_01,0
2439_01,0
1688_01,0
3714_01,1
6671_01,1
3874_02,0
2413_01,1
4320_01,0
7393_01,0
6744_05,0
3935_01,1
4101_01,0
1002_02,0
2790_01,1
2780_01,1
3318_05,1
1324_02,1
8719_01,0
3064_01,1
0564_03,0
1673_01,0
8362_01,0
0045_01,0
6230_01,0
2274_02,1
4798_03,1
9052_02,0
8646_02,0
2252_01,0
8809_01,0
8244_01,0
4733_01,1
3550_01,1
8444_01,1
8072_01,1
5510_01,1
6137_02,0
0865_01,1
1020_01,1
7488_02,1
0534_02,0
6349_01,0
1294_01,1
4115_01,1
7431_01,1
6630_01,1
4239_01,0
2913_01,0
5613_01,1
7074_01,1
3195_01,0
7872_02,0
2022_01,0
4757_01,0
2027_01,1
2535_01,1
4739_01,0
5750_01,0
4798_02,1
3405_03,1
5847_01,0
1376_01,1
1115_01,0
4890_01,1
8060_01,0
7303_01,0
0732_01,1
5609_01,0
2628_01,1
6133_01,1
2467_01,0
6895_01,0
0341_01,1
5945_01,1
6563_02,0
3326_01,1
3284_02,1
0789_03,1
0680_01,1
1008_02,1
5137_01,1
0679_01,0
6168_02,1
5239_01,1
5800_01,0
0636_02,0
8458_02,1
2548_01,0
8863_01,1
3641_03,1
6934_02,0
8820_01,1
0553_02,1
0806_02,0
9208_01,1
5199_01,1
4690_02,0
6485_02,0
7232_01,0
2097_01,1
3485_01,0
2486_02,0
5414_04,0
2028_01,0
2041_01,1
9196_01,1
0409_01,1
4881_01,1
3636_01,0
6739_01,1
0009_01,0
1110_02,1
0743_01,0
6713_01,0
8551_01,0
2182_01,0
6673_01,0
2975_01,1
1745_01,0
7683_01,0
4144_01,0
4728_02,1
8152_01,1
5536_01,1
9190_01,0
3328_01,0
7187_01,1
6066_03,1
1156_02,1
0188_01,0
0915_01,0
7111_01,0
0020_03,1
2390_01,0
2082_01,0
5791_01,1
3564_01,1
8862_04,1
1308_04,1
5692_01,0
5171_01,1
3189_02,0
0736_01,0
6761_01,1
7609_02,1
7113_01,0
8675_01,1
6585_02,1
5642_02,1
7565_04,1
1309_01,0
9197_04,0
5927_01,0
5756_06,0
5637_01,0
4197_03,0
2602_01,0
0461_02,0
5282_03,1
5039_03,0
3071_02,0
1357_01,1
8956_07,0
3380_01,0
4482_03,1
5701_01,1
4006_02,1
7106_01,1
4841_02,0
5076_01,0
3944_01,0
7259_01,0
5087_01,0
5855_02,1
6446_03,1
4297_01,0
4270_01,0
5221_01,0
1186_02,0
3140_01,0
7128_01,0
8420_01,0
3749_02,1
8684_01,0
3162_01,1
1406_01,1
6512_01,1
6827_04,1
5781_01,0
2094_01,1
3382_02,1
6829_02,0
5679_02,1
5540_01,0
9151_01,1
1316_02,0
0202_01,1
3081_01,1
8976_01,0
3294_01,1
4411_01,0
1203_01,0
4645_02,1
3703_01,1
0170_01,0
4181_06,1
3175_01,1
6457_01,0
4357_01,0
1378_02,0
4653_01,0
5645_01,1
4706_02,1
0507_01,0
4005_07,0
7709_01,0
2802_01,1
2795_02,0
0579_02,0
6684_02,0
8267_02,1
1829_03,1
1211_05,1
5354_01,0
5768_02,1
4606_01,0
7950_01,1
8314_02,1
4358_01,0
5440_03,0
2870_01,0
7680_01,0
0913_01,0
5779_01,1
7531_02,1
5337_01,1
7973_01,1
8365_01,1
3995_01,0
3773_02,1
0383_01,0
7455_01,0
2522_01,1
4372_02,0
3274_02,0
8067_01,0
3464_01,0
7661_01,1
9013_02,0
8945_01,1
4897_01,0
4042_03,1
3025_02,0
6422_02,1
5346_01,0
5912_01,1
8168_02,0
1416_01,1
8465_02,1
6020_04,0
3568_01,0
6296_01,1
3158_01,0
8091_01,0
0773_01,0
2964_01,1
0582_01,1
9157_01,0
2007_01,1
4403_02,0
7770_01,0
7700_01,0
2741_01,0
1452_04,0
6200_03,0
4128_03,1
5023_01,0
9197_02,0
6850_02,1
5905_01,1
0905_01,0
0449_01,1
8066_01,1
2867_01,1
5427_03,0
6798_01,0
3174_02,1
4661_03,0
0925_03,1
1417_01,0
3412_03,1
5578_01,1
6180_01,1
2988_01,0
0549_01,0
2234_04,0
5957_01,1
8207_01,1
3758_02,1
0985_01,1
0278_02,0
7096_02,0
1326_02,0
3268_01,0
8015_02,0
7782_01,0
0655_01,0
4977_02,0
0358_01,0
3476_02,1
9213_01,0
5334_02,1
3719_02,1
1723_01,0
5468_01,1
1129_01,0
2043_01,1
6718_02,1
1350_04,1
7182_01,0
1898_01,1
9037_01,0
8034_01,1
2512_01,0
4017_05,0
0498_02,1
6402_04,1
4973_01,0
3866_01,0
8437_01,0
3552_01,0
9157_03,1
7841_02,0
6775_01,1
4631_01,1
6155_01,0
2095_01,0
2691_01,0
6102_01,0
5556_01,0
6450_02,1
8238_01,0
8624_01,0
7986_01,0
2822_02,0
3012_01,0
3218_01,1
8774_01,1
5380_01,0
6360_02,1
4452_01,1
7017_01,1
1950_01,0
7994_01,0
1691_01,0
3742_01,1
7193_01,0
1541_01,0
4975_01,1
5642_01,1
5981_03,1
7864_01,1
1086_04,0
0984_01,0
5085_01,1
9280_02,1
0278_01,0
4634_01,0
2347_04,0
5792_01,0
2061_01,1
5040_01,0
4293_01,1
8259_01,0
4753_01,0
1243_02,0
1254_02,0
6096_01,1
4158_01,0
4390_03,0
3652_01,1
2262_01,0
2641_01,1
0203_01,1
2591_01,0
7747_01,1
6905_01,1
1000_01,0
5181_01,1
8872_01,1
1614_01,0
0510_01,1
9081_04,0
5104_01,1
2142_01,1
0570_01,1
6107_01,0
3437_01,0
6414_01,1
5885_07,0
2572_01,1
6340_02,0
1223_01,1
2678_01,1
6285_01,1
3970_01,1
7297_01,0
5206_02,0
6334_05,0
4759_01,0
8306_02,1
7016_01,1
1280_01,0
1525_01,0
4850_02,0
0140_01,1
3323_01,1
1493_01,0
6339_01,1
8469_01,1
6911_01,1
4143_01,0
7949_01,0
7585_01,1
7401_01,1
8000_01,1
1057_01,1
5651_01,1
4223_02,0
8221_01,1
3938_02,1
0171_01,1
7769_01,0
3163_02,1
5217_01,1
1767_03,1
6360_01,1
2332_01,0
4594_03,1
5133_06,1
6998_01,0
2789_01,0
6947_01,1
6810_02,0
8638_03,1
8968_01,1
2009_02,1
0381_02,1
3897_01,1
4159_01,0
0007_01,0
3868_02,0
6869_01,1
4880_01,0
7188_02,0
4864_01,0
3418_01,1
6549_02,0
5414_02,1
8369_02,1
1451_01,0
8209_01,0
6921_02,1
9021_01,0
1709_06,0
2574_01,0
3131_01,1
4071_02,1
4324_01,1
2549_02,1
6006_02,1
7071_01,0
7341_01,1
6488_01,0
7717_01,0
9164_01,0
4678_01,0
1633_01,1
3518_01,1
3708_01,1
6020_05,0
9161_01,1
2592_02,1
8987_01,1
8147_03,0
2927_01,1
6494_01,0
7805_01,0
9168_01,0
4756_02,1
2024_01,0
2012_01,0
3531_01,0
1786_01,0
3474_04,1
3735_02,0
6500_01,0
7958_01,1
3850_01,0
5307_01,1
6708_06,1
6148_01,1
2019_01,1
6207_01,0
2124_01,0
3205_01,1
8853_01,1
5186_01,1
4409_01,1
4668_02,1
8023_02,1
9159_01,0
3384_03,1
3610_01,1
7180_01,0
4640_01,0
8871_02,1
4502_01,1
9074_03,1
3371_01,0
7270_01,1
1481_01,0
6371_01,0
6883_01,0
8537_03,1
6120_01,1
8629_01,1
0988_02,0
6862_01,1
5112_02,1
5856_01,1
5016_01,0
4494_01,1
5205_01,0
3711_01,1
5842_02,1
0769_01,1
1047_01,1
2720_03,1
1532_01,0
1434_02,1
0836_01,0
4336_04,0
7041_01,1
1385_01,0
2516_01,0
2261_01,1
1463_01,0
4078_01,1
1391_01,1
5888_02,0
7008_01,0
6697_01,0
7462_01,1
4019_01,1
8736_01,1
8168_07,1
5812_03,1
2968_01,1
6674_03,1
6281_01,1
9219_01,1
3959_02,0
8664_01,0
7018_01,0
5927_04,0
2168_01,1
6145_01,0
7768_01,0
6960_01,0
3485_03,1
8482_01,1
0022_01,0
1850_02,0
7902_02,1
1304_03,1
5207_01,1
6654_01,1
1419_01,0
2257_01,1
7904_01,1
6461_01,0
8056_01,0
0768_02,1
8862_03,1
2796_01,0
1855_02,0
9157_02,1
3922_01,1
3363_01,0
2892_01,1
6763_01,0
1959_02,0
5773_01,1
9235_01,0
8973_01,1
5821_01,0
4738_02,0
6201_01,0
3298_01,0
6727_01,0
1800_04,0
9074_01,1
4280_01,0
3497_01,1
4076_01,0
6929_03,1
1635_01,0
8637_01,1
3862_04,0
1002_01,1
0192_01,1
0922_02,0
0090_01,1
4863_01,0
2123_02,1
7788_01,0
5763_01,0
0517_01,0
6346_01,0
7853_02,0
5986_01,1
1603_02,1
4079_01,0
1976_01,1
0413_01,0
1054_01,0
4788_01,0
5930_01,1
3352_01,1
5138_01,1
7127_02,1
6817_01,0
8474_01,0
0647_03,1
4659_01,1
1844_03,1
0350_01,1
8844_01,1
6905_02,0
6744_04,1
0337_03,1
5812_04,1
2314_01,0
1709_03,0
1500_05,0
8418_02,0
2518_01,1
7477_01,0
0674_01,1
6882_01,1
1983_01,0
8344_03,1
4173_01,0
1696_01,0
9184_01,0
9141_01,1
5413_01,0
6309_01,1
2062_01,0
2847_01,1
7618_01,0
6396_01,0
0257_02,1
0590_01,0
2508_02,1
6424_01,0
2092_05,0
9115_01,0
2308_02,1
1278_01,1
8939_01,1
4720_01,1
4018_01,1
5736_01,0
3540_01,1
8418_01,1
7520_01,0
0160_01,0
2590_02,0
0770_02,0
7429_01,0
0257_01,0
0146_01,0
6602_01,1
1113_01,0
9253_01,1
8202_01,1
8202_03,1
7011_01,0
4429_01,0
3060_02,0
8182_01,0
6748_02,1
4272_01,0
5946_01,0
1871_01,1
8175_01,1
7197_01,1
9252_01,1
6326_01,0
4238_01,1
1130_02,1
2321_01,1
3760_01,1
2607_02,1
1764_02,0
8585_01,0
0298_01,1
2104_01,0
8307_02,1
4515_02,1
6302_02,0
8734_01,1
9001_01,1
4391_01,0
4793_02,1
2751_01,1
8456_01,1
1216_01,1
1539_01,1
2607_01,1
8310_01,1
4987_01,0
0923_01,1
4498_06,1
5969_01,1
8783_02,1
5345_02,0
1169_01,0
1478_01,0
0067_01,1
4562_01,1
5537_01,0
7449_01,0
1408_01,1
2806_01,0
8005_02,1
6320_01,1
5229_01,0
1685_02,1
4441_01,1
3932_01,0
3405_01,1
5951_01,0
5061_01,1
5712_01,1
1066_01,1
0765_02,0
8251_01,1
7970_01,1
2347_02,0
6363_02,1
1238_02,1
1360_01,1
6880_01,0
2011_01,1
5301_02,1
4633_01,0
4712_01,1
8694_03,0
0265_01,1
7884_01,0
5182_02,0
4808_01,0
2664_01,1
5414_03,0
7069_02,1
3653_01,0
6347_01,1
1331_01,1
6439_01,1
8843_01,0
5073_01,1
6756_01,0
3812_01,1
7939_01,0
8598_01,1
2310_04,1
3699_04,0
3662_01,1
7641_01,0
2278_01,1
8594_01,0
3770_01,1
5214_01,1
4965_01,0
3811_02,0
0053_01,1
4693_02,1
6968_02,0
6624_01,0
0481_01,1
8194_01,1
3337_01,1
1762_02,0
2268_01,1
3118_01,1
0740_02,1
1455_03,1
8983_01,0
9189_01,0
8920_01,0
8129_05,1
4498_04,0
0634_01,0
2417_01,0
8830_01,0
0445_02,0
0348_01,1
7755_01,1
7326_01,0
4506_01,0
6549_01,0
3598_01,0
6442_01,0
3437_02,1
7344_01,0
3404_01,1
8683_01,0
4980_02,0
6708_03,0
2234_07,0
0740_01,0
3868_06,1
1438_01,0
2809_01,1
6560_01,0
8177_01,0
5561_02,0
2503_01,0
4755_01,1
2852_01,0
7310_01,0
8135_01,1
5133_03,1
2578_01,0
3677_01,0
3439_03,1
7128_03,0
2133_01,0
6950_02,1
2237_02,1
0244_01,1
4708_01,0
2661_01,0
8084_01,0
1630_02,1
2034_01,0
5488_01,1
3798_01,1
8012_01,1
2625_02,0
6780_01,1
3258_01,1
3743_01,0
8554_01,1
6447_01,1
1984_01,1
5010_01,0
8252_01,0
4857_01,0
1161_02,0
5511_02,0
9205_02,1
4752_01,1
0552_01,1
5097_03,1
3073_01,1
4649_01,0
6900_01,1
0585_01,1
1166_01,0
0017_01,0
0044_01,1
8787_01,0
4128_02,1
7042_01,1
5530_01,0
4981_01,1
4630_01,0
7778_02,1
8580_01,0
4677_01,1
8807_01,0
1375_02,1
8754_01,0
1613_01,0
1240_01,0
2618_01,1
1511_01,0
5855_01,1
1085_01,0
1155_01,1
4249_03,1
0964_01,1
5799_01,1
1132_01,1
8471_01,0
6894_01,1
4031_02,1
4912_01,0
1096_01,0
4842_01,0
0320_02,0
5089_02,1
8603_01,1
5589_01,0
6832_01,1
2750_01,0
6436_01,1
6254_01,1
3706_02,1
8157_06,1
4838_01,1
5273_01,1
9074_04,1
7142_03,1
4592_02,1
4110_01,0
7290_03,1
2497_01,0
1155_02,1
0874_01,1
8034_02,0
8441_01,1
1859_01,1
7962_01,0
1056_02,1
5223_03,1
8509_01,1
7919_01,1
6015_01,1
0685_01,0
8642_01,0
1922_01,1
3387_01,1
7452_01,1
8635_01,0
8894_01,1
3991_01,0
7790_02,0
3030_01,0
1964_01,0
0211_01,0
8700_01,0
6574_01,0
6725_01,0
0182_01,1
1304_06,1
6655_01,0
8012_02,1
7419_02,1
2053_01,0
4170_01,1
3658_02,1
3284_01,1
6937_01,1
7830_04,1
5418_01,0
2067_02,0
2930_01,0
6443_01,1
5527_02,1
5065_01,1
7744_01,1
6029_01,0
8491_01,1
3732_02,0
2798_01,0
5127_01,1
6750_01,0
5687_01,1
7094_01,1
4977_01,1
3558_01,0
4113_02,1
1286_01,1
7049_01,1
8900_01,0
4691_01,0
1308_02,0
3485_02,1
6394_01,1
4924_01,0
0630_01,1
8366_05,1
5264_02,0
8037_01,0
4672_01,1
4053_01,1
2935_01,0
1685_01,0
6929_01,1
1981_01,0
7503_02,1
7678_02,0
8098_02,1
4109_01,0
4371_04,1
0553_01,1
1424_01,1
8605_05,1
6402_01,1
2697_01,0
2540_01,0
8204_01,0
4013_01,0
1491_02,0
4819_01,1
4006_05,1
8107_01,0
1353_02,0
3774_01,0
0702_01,0
7652_01,1
3850_04,1
0794_01,1
5061_02,1
2724_01,1
9279_01,1
2899_01,0
6899_02,1
2325_01,1
7292_01,0
7594_01,1
9201_01,1
2089_01,0
7114_01,0
6094_02,1
1317_01,0
6412_01,0
3361_04,0
6163_01,0
1300_01,0
4769_01,1
7950_03,1
8248_01,0
5303_01,1
0499_02,0
5201_01,0
2392_01,1
5561_03,0
8098_01,0
2695_01,0
5625_01,0
4918_01,1
6315_01,0
7097_02,1
6026_01,0
1427_02,0
9181_01,0
8770_02,1
3629_01,1
8202_05,0
0642_05,1
5469_01,1
0768_01,0
9241_01,0
0220_01,0
7132_01,0
1228_02,0
6825_02,0
3300_01,1
4256_04,0
8791_01,0
8710_01,0
0052_01,0
8318_01,1
4147_02,1
8138_01,1
0607_03,0
8043_02,1
3349_01,1
6616_01,0
5889_01,0
2478_01,0
3759_01,1
3821_01,0
9175_01,1
6121_01,1
0144_01,0
4932_01,0
3928_01,0
3045_01,1
1960_02,1
8449_02,1
0785_01,0
9219_02,0
6764_01,0
1841_01,0
1424_04,1
3224_01,1
1908_01,0
8255_01,0
4370_01,0
5928_01,0
1658_01,0
7219_04,0
2384_07,0
4741_02,1
4206_01,1
6042_01,0
5304_02,1
5488_04,1
0707_01,1
2747_01,1
4498_03,1
2364_01,0
3095_01,0
2345_01,1
1903_01,1
3515_01,1
4695_03,1
6263_02,0
2520_01,1
1027_02,0
1769_01,1
2961_01,0
8862_05,1
8460_01,0
0504_02,1
6363_05,0
6720_01,1
9167_01,0
3053_01,0
9085_01,0
5885_04,0
3615_01,1
4496_01,1
0753_01,1
1404_02,0
6206_01,0
6779_04,1
0407_02,0
8025_01,1
7002_01,0
3168_01,0
1531_01,0
1529_02,1
3671_01,0
3567_01,0
0453_02,1
2175_01,0
8078_01,0
5090_05,0
7650_01,1
7604_01,1
7436_01,0
6446_01,0
2892_04,1
1588_02,1
5367_01,1
9114_01,1
5130_01,1
3445_01,1
8770_05,1
7427_01,1
2883_01,1
6300_01,1
2310_02,1
8211_01,1
3883_03,1
4177_02,1
8796_06,1
2070_01,0
5599_01,0
5812_02,1
6662_03,1
4490_01,1
6984_03,0
4305_01,1
1969_01,0
1083_01,1
0165_01,1
2306_01,1
7800_01,1
8458_03,1
4340_01,1
5977_04,0
3868_03,1
0828_01,0
4632_01,1
5288_01,1
2869_01,1
0938_01,0
4210_01,1
1149_04,0
8383_02,0
2272_03,1
5569_01,1
7891_01,1
3711_03,1
7360_01,1
3061_02,0
0579_01,1
9104_01,1
3699_01,1
8569_01,1
7230_01,1
8770_04,0
5650_01,0
6030_02,1
6357_01,0
0388_01,1
6172_01,1
3018_01,0
1713_01,1
1414_01,0
8907_01,1
8373_01,0
8606_03,0
9034_02,1
4913_01,0
8977_01,0
7313_01,0
5545_02,1
5891_01,1
6921_06,0
6766_03,1
0221_01,0
5359_01,0
7749_02,1
3776_01,1
3879_01,0
1889_02,0
1659_01,0
1768_01,0
5395_01,1
4524_01,1
5647_03,0
4255_01,1
6654_03,1
8475_02,0
7307_01,0
1168_01,0
2810_01,0
6192_01,1
0746_01,0
3702_01,1
4196_01,1
0560_02,1
7268_01,0
3433_01,0
4886_01,0
0343_01,0
4402_01,1
9197_03,1
4564_01,0
5967_02,1
3420_01,1
7460_01,0
5647_02,0
1728_01,0
2404_04,1
4923_02,1
4709_01,0
0220_02,0
7026_01,0
1670_02,1
0984_03,0
2546_01,0
6753_02,1
8024_01,0
4823_01,0
8693_01,1
7983_01,1
3185_01,0
8729_02,0
7908_01,1
1807_01,0
7372_01,0
0239_01,0
5763_02,0
2645_03,1
4515_01,1
0192_02,0
4075_01,0
3607_01,1
5960_03,1
7976_01,1
8769_01,1
4450_03,1
8736_02,0
2135_01,0
8029_01,0
4758_01,0
0092_02,1
6020_07,0
0693_02,0
7019_01,0
2838_01,0
1748_02,1
3682_01,1
2944_04,0
8130_03,1
0724_01,0
7995_01,1
3490_01,1
6014_01,0
3359_01,1
8232_01,0
1952_01,0
5462_01,0
4359_03,0
0432_01,0
0569_01,0
6128_02,0
5148_01,0
2164_01,1
7087_01,1
9032_01,1
1776_01,1
9106_01,0
3330_01,0
6707_01,1
4383_01,1
4352_02,1
7536_01,1
5064_01,0
8381_01,0
6405_03,1
9072_01,1
4606_02,0
5568_01,0
5090_06,0
4278_01,1
2458_01,1
1165_03,1
6988_02,1
7028_01,1
1180_01,1
8729_01,0
2703_01,0
4446_05,0
1141_01,0
2147_01,0
0709_01,1
7751_01,1
5506_01,1
7711_01,0
5315_01,0
4428_01,1
8650_01,1
1953_01,0
0639_01,1
5499_01,1
3995_03,0
3023_01,1
8869_01,1
6588_01,0
5602_01,1
3090_01,1
8298_01,1
3716_01,1
2309_01,0
0101_01,1
7090_01,0
1330_02,1
3832_01,1
6963_01,0
6139_05,1
2526_01,1
1651_01,1
1182_02,0
1947_01,0
9057_01,0
3030_02,1
1182_03,1
0750_01,0
3737_02,1
1156_01,0
7031_01,1
6481_01,1
3850_05,1
5111_02,0
6921_03,1
0853_01,1
4532_01,1
2866_01,1
7696_02,0
3005_01,1
2145_01,1
3275_01,0
7715_01,0
3582_01,0
4996_01,1
3001_02,1
3237_03,0
3817_01,0
7852_01,0
8452_02,1
3846_01,1
7553_01,0
8570_01,1
5396_01,0
4181_02,1
5614_01,1
4080_01,0
0975_01,1
0127_01,0
0476_01,0
8300_01,0
5385_01,0
0656_01,0
3339_01,1
6344_01,1
2759_01,0
7117_01,1
1421_02,0
3396_01,1
1027_01,1
5681_01,1
7882_01,1
0105_01,0
8264_01,1
2315_01,1
8492_01,0
6227_01,0
3454_01,1
2865_01,0
0682_01,1
3977_01,1
0232_01,1
4045_01,0
7005_01,1
2127_01,0
8639_02,0
4349_01,0
6380_03,0
7273_01,1
6302_04,0
3732_03,1
7633_01,0
1619_01,1
7748_01,1
8144_03,1
7274_01,0
6091_02,0
7538_01,0
6864_02,1
1739_01,1
7189_01,1
1901_02,1
2840_01,0
1923_02,1
9077_02,1
1062_01,0
5989_01,0
0608_01,0
3886_01,1
0984_04,0
0326_01,1
1748_01,0
3779_01,1
2411_01,1
2105_01,1
1633_02,1
8383_06,1
2426_01,1
6030_03,1
3172_01,1
5688_01,1
7580_01,1
0687_01,0
0231_01,0
7191_01,0
3003_01,1
8574_05,1
6669_01,0
3615_02,1
6984_01,0
0447_01,1
8812_01,1
6601_01,0
7968_01,0
4120_01,1
5923_01,1
9111_01,0
4017_01,0
7328_01,0
5014_01,0
7192_01,1
8961_03,0
7984_01,1
7267_02,1
6443_03,1
3283_03,0
0423_01,1
3862_01,1
0585_03,0
3447_01,0
1976_06,1
4648_01,0
5009_01,1
0368_02,1
7280_01,0
5876_02,1
6992_01,0
1308_01,1
5977_01,1
7422_01,0
6152_02,0
5494_01,1
1293_01,0
6492_01,1
2811_01,0
0429_01,1
7061_01,1
2825_01,1
4782_01,1
8085_01,0
3631_01,0
0465_02,0
6618_01,1
6966_01,0
2814_01,1
4565_01,0
2793_01,0
6000_02,1
7738_01,1
6813_01,0
8161_01,0
6111_01,1
2353_02,0
2026_02,1
2195_01,0
9134_01,0
6448_01,0
8267_01,0
1229_01,1
0091_01,1
2001_01,0
6592_01,1
8806_01,1
6105_01,0
3015_01,1
2455_01,0
4840_01,1
1709_07,0
8007_01,0
4197_01,1
6649_01,0
2984_01,0
1515_01,0
6253_02,0
3824_01,0
8780_01,0
1220_01,0
8528_01,0
5814_06,0
7848_01,0
6997_01,0
2506_01,0
8148_01,0
7522_01,0
5573_01,0
5483_01,0
7290_01,1
4065_01,0
7954_01,0
1213_01,1
1657_01,0
1612_01,1
7350_01,1
2291_01,1
8380_01,1
7936_03,0
6324_02,1
1960_01,1
3235_01,1
1032_01,1
6405_01,0
9234_01,0
8291_01,1
8344_02,0
6946_01,0
2149_01,1
4923_01,1
6774_01,1
2313_01,0
0200_01,1
4585_01,0
5714_02,0
0163_02,1
1520_01,0
0587_01,0
9008_02,1
1154_02,1
7506_01,0
5740_02,0
5955_01,0
5415_01,0
4462_01,0
6907_01,1
5488_02,1
8669_02,0
1154_03,1
4258_02,0
6671_03,0
7339_01,0
1804_01,1
2505_01,0
5230_01,1
5019_01,1
5572_01,1
0439_01,0
4912_02,1
5410_01,0
7498_01,0
5698_02,1
7021_01,1
0498_01,1
6453_01,0
1384_01,0
5316_01,1
5869_01,1
7170_01,1
6541_01,1
2798_02,1
7957_01,1
4804_03,1
6826_01,0
1208_01,0
8659_01,0
1736_01,1
3317_01,0
8342_01,0
4944_01,1
3353_04,1
9233_01,1
7985_01,0
2134_01,0
1306_01,1
0221_04,0
4371_02,0
0463_02,0
8031_01,1
3112_01,1
5949_02,1
5718_01,1
4952_01,1
6647_01,1
3182_01,1
6157_01,0
0138_01,1
4485_01,1
6667_01,1
7361_02,1
7578_01,0
6341_01,0
1386_01,1
7037_01,0
8556_02,1
9227_01,1
7184_01,1
3946_01,0
4620_01,1
6545_01,0
1827_01,0
8885_01,0
3559_01,0
7492_01,1
5264_01,1
8176_01,0
6302_06,1
0211_02,1
3271_01,1
8671_01,0
3864_01,1
6004_01,1
7573_01,1
6611_02,1
0669_01,0
8691_01,1
6191_02,1
0169_01,1
0607_01,0
0044_03,1
8542_01,1
7616_01,1
8222_02,1
6921_05,1
1740_01,0
6606_01,0
6058_01,0
0728_01,0
3868_04,1
6082_01,0
2684_01,0
8480_01,0
5162_02,0
7309_01,0
3958_01,0
3495_03,1
0602_01,1
1506_01,1
0468_01,1
4005_06,1
8186_04,1
3162_03,1
3781_01,0
1523_01,1
2013_01,0
6879_01,1
7032_01,0
7943_02,1
2419_01,1
2055_06,0
2296_01,1
3596_01,1
4393_02,0
3343_01,1
8186_02,1
2702_01,0
2451_01,1
2595_01,1
8508_01,1
1398_01,0
1938_01,1
3248_01,0
7034_01,0
7996_01,0
4726_02,1
4172_01,1
0077_01,1
5452_01,1
6020_06,0
4991_01,0
5777_01,0
5375_01,1
6680_01,0
4934_01,0
0383_02,1
4777_01,1
1823_01,0
2009_01,1
7632_01,0
4946_01,1
5907_01,1
4008_01,1
6321_03,1
1011_02,1
8005_01,0
3495_02,1
8147_01,0
6124_01,1
7453_01,1
9174_01,0
4063_01,1
4046_01,1
3713_03,1
1861_01,1
8079_01,0
5051_01,0
2905_01,0
8014_01,1
5535_03,1
8688_01,0
4474_03,1
0893_01,1
3699_03,1
4663_01,1
0433_02,0
0454_01,1
3573_01,0
2698_01,0
3295_01,0
3543_03,1
3883_02,0
3032_02,1
6787_07,0
4243_01,0
2412_01,0
0197_01,0
7278_01,1
9222_01,1
1529_01,1
2787_01,1
7890_02,1
2645_02,0
4785_01,1
5235_01,0
3986_01,0
3273_01,1
0488_01,1
8260_01,0
4254_03,0
7151_01,0
4093_01,0
2055_02,0
3382_01,1
3535_02,1
2341_01,1
8667_01,0
7176_02,1
5112_03,1
1353_01,1
8393_01,0
5826_01,1
0523_01,0
8561_01,1
2962_01,0
1942_01,0
2441_01,0
1163_01,1
2026_01,0
6458_01,0
7863_01,1
6824_01,0
6270_02,0
1407_02,0
8072_02,0
0391_01,1
8613_01,0
5662_02,0
6563_01,0
3561_01,1
4030_02,1
1711_01,0
2410_01,1
0983_01,1
6404_01,1
1666_01,1
2692_01,0
0407_03,1
7789_01,0
0371_01,1
3279_01,1
5724_01,1
7982_01,1
5156_01,1
5254_02,1
4509_03,1
7365_01,0
8861_01,0
2253_01,0
2118_01,1
2737_01,1
6540_01,1
1945_01,1
7812_01,0
1865_02,0
2882_01,1
7693_02,1
0619_02,1
3985_01,0
0099_02,0
7567_01,1
2510_01,1
7974_02,0
4617_01,0
1254_01,0
7236_01,1
0195_01,0
3974_02,1
3911_02,1
5780_02,1
7425_02,0
5925_03,0
1420_01,1
4728_01,1
2528_01,0
1632_01,1
6034_01,0
4535_01,0
8092_01,0
1078_01,1
4917_01,1
6603_01,1
2183_02,0
2320_01,0
0994_01,1
6109_02,1
6547_01,0
1017_01,0
5256_01,0
7543_01,1
0644_01,1
3719_01,0
3272_02,1
5611_02,0
1510_01,0
6789_01,0
1808_01,0
4505_01,1
1211_04,0
6672_01,1
7625_01,0
4472_01,1
9242_01,0
5714_03,1
8906_01,0
7943_01,1
1624_01,1
3803_01,0
8717_01,0
4475_01,0
8318_04,1
2474_01,1
2336_01,1
4989_01,0
1001_01,1
7490_01,1
5430_01,1
1366_01,1
0425_02,1
5931_01,0
4662_03,1
2706_01,1
0193_02,0
5667_01,0
3668_01,1
2508_01,1
7483_01,0
5154_01,0
8881_01,1
7584_02,1
6708_04,1
8574_03,1
4451_01,1
6052_01,1
8046_01,1
2954_01,0
1443_01,1
7306_01,0
8785_01,0
3372_01,1
8063_01,0
6774_02,1
3775_01,1
3486_01,1
3476_01,1
0415_01,1
3491_01,0
5363_01,1
7691_01,1
7538_02,0
7374_01,1
5684_03,0
4141_01,0
8119_02,0
6814_01,0
2306_03,0
3406_02,0
6338_01,1
7402_02,1
9118_02,1
4597_01,1
1655_02,1
7692_01,0
2748_01,0
6045_01,0
0347_01,0
8687_01,0
7858_01,0
5341_01,1
8681_03,1
0781_01,0
1231_01,1
7053_01,0
8704_01,1
2318_01,0
4030_01,1
0064_02,1
9157_07,1
0003_01,0
7133_01,0
8419_01,1
4208_01,0
6634_01,1
0193_03,1
4573_01,1
3565_01,1
3201_01,0
4305_02,1
1760_01,0
8356_01,1
0378_02,1
6138_01,0
7416_01,0
5894_01,1
5898_01,1
4106_01,1
0487_01,0
7456_01,1
7039_01,0
3324_02,1
4970_01,0
3710_02,0
2790_05,1
1646_01,1
6490_04,1
3713_02,1
3862_07,0
1230_01,0
7952_02,0
0006_02,1
8272_03,1
7702_01,1
1232_01,1
7821_01,0
0684_03,1
3470_02,1
0222_03,0
1892_02,0
3123_01,1
4030_05,0
0031_03,0
7764_01,0
6402_05,0
8336_01,1
8785_02,0
1771_01,0
2846_01,1
2269_01,1
6373_01,0
2558_04,1
2821_01,1
5860_01,0
0246_01,0
8695_01,0
1976_05,1
3960_01,0
7837_02,1
7488_01,0
8098_04,1
3166_01,1
1963_01,0
1971_01,0
9194_02,0
1615_01,0
6470_01,0
6977_02,1
8131_01,1
7920_01,1
7142_01,1
8644_02,0
5652_01,0
1624_03,1
3496_01,1
4803_01,0
4001_01,1
0665_02,0
6646_01,1
1365_01,0
2317_01,0
8548_01,0
2492_01,1
2707_01,1
0457_01,1
5806_01,0
3038_01,0
4927_01,1
3774_03,0
4000_02,0
2925_01,0
3419_01,0
7342_01,0
8923_01,0
2790_04,0
7128_02,1
5709_01,0
4150_01,1
1523_02,1
4954_01,1
8886_02,1
1560_01,0
0099_01,0
8320_01,1
0539_03,1
6356_01,0
0756_03,1
8786_01,1
3907_01,1
8673_01,1
6449_01,0
5756_04,0
3942_01,1
0290_02,1
4364_01,1
8036_02,0
8129_04,0
1348_01,0
8220_01,1
4292_01,0
8252_02,0
1004_01,1
1593_01,0
0098_02,1
1861_02,0
6361_01,1
6130_01,1
5089_01,0
0370_01,0
2897_01,0
2377_01,1
2232_02,0
8354_02,1
0103_01,0
8202_04,1
3772_02,0
4544_01,1
6239_01,0
5611_01,1
9129_01,0
2646_01,0
6251_01,0
5466_05,0
8653_01,0
7377_01,1
8956_01,0
7955_01,0
4937_01,0
6309_04,1
0088_01,1
4773_01,0
3130_01,0
8631_01,1
8042_01,1
4296_01,1
6787_04,1
3699_02,1
1677_01,0
5812_05,1
6593_02,0
6531_01,1
0982_01,1
2056_01,1
6741_01,0
3810_01,0
0338_01,1
5334_01,1
4172_02,0
3195_02,0
4646_01,0
9194_01,0
7753_01,1
5361_01,0
3337_03,0
2257_02,1
5902_01,1
1749_01,1
8988_01,1
4511_02,1
5303_03,1
3092_01,0
4492_01,1
3377_01,1
8801_01,0
6273_01,0
4595_01,1
9270_01,1
4372_01,1
3778_01,0
0637_01,0
4956_01,1
0202_02,0
9042_01,1
2638_01,0
0504_05,1
5933_01,0
2972_01,0
6674_02,1
7809_02,1
1576_01,0
3232_01,1
4638_01,0
5401_01,0
0199_01,1
1624_02,0
5756_02,0
4942_02,1
5436_01,0
5225_01,0
4637_01,0
0567_01,0
4258_01,0
2685_01,0
9142_01,0
5326_01,1
7882_02,0
4847_01,1
0712_01,0
8672_01,0
0034_01,1
3903_03,0
6394_02,1
4723_02,1
2607_04,1
1174_01,1
3360_01,0
3525_01,1
6069_01,0
7621_01,1
3706_01,0
2693_01,0
1708_01,0
1347_01,1
4175_01,0
4002_01,1
4330_01,0
2966_01,0
2308_01,1
8190_01,1
3453_01,1
8338_01,1
4684_01,1
4178_01,0
7650_02,1
5648_01,0
6194_01,0
7870_01,1
3260_01,0
5728_01,0
0984_06,0
1500_06,0
4001_06,1
6305_01,1
7457_01,0
5629_01,1
